{
    "C_values": [
        0.001,
        0.0013894954943731374,
        0.0019306977288832496,
        0.0026826957952797246,
        0.003727593720314938,
        0.005179474679231213,
        0.0071968567300115215,
        0.01,
        0.013894954943731374,
        0.019306977288832496,
        0.026826957952797246,
        0.0372759372031494,
        0.0517947467923121,
        0.07196856730011518,
        0.1,
        0.13894954943731375,
        0.19306977288832497,
        0.2682695795279725,
        0.3727593720314938,
        0.5179474679231207,
        0.7196856730011514,
        1.0,
        1.3894954943731375,
        1.9306977288832496,
        2.6826957952797246,
        3.727593720314938,
        5.179474679231207,
        7.196856730011514,
        10.0,
        13.89495494373136,
        19.306977288832496,
        26.82695795279722,
        37.27593720314938,
        51.794746792312125,
        71.96856730011514,
        100.0,
        138.9495494373136,
        193.06977288832496,
        268.26957952797216,
        372.7593720314938,
        517.9474679231203,
        719.6856730011514,
        1000.0,
        1389.4954943731361,
        1930.6977288832495,
        2682.695795279722,
        3727.593720314938,
        5179.474679231202,
        7196.856730011514,
        10000.0
    ],
    "hinge": {
        "accuracy": [
            0.9564,
            0.9624,
            0.9687,
            0.9716,
            0.9741,
            0.9776,
            0.9807,
            0.9822,
            0.9827,
            0.9833,
            0.9844,
            0.9865,
            0.9866,
            0.9876,
            0.988,
            0.9885,
            0.9896,
            0.9895,
            0.989,
            0.9888,
            0.9886,
            0.9897,
            0.9905,
            0.9894,
            0.9904,
            0.9892,
            0.9902,
            0.9912,
            0.9905,
            0.9914,
            0.9894,
            0.9888,
            0.9898,
            0.9893,
            0.9899,
            0.9904,
            0.9896,
            0.9905,
            0.99,
            0.9895,
            0.9901,
            0.9901,
            0.9917,
            0.9898,
            0.9891,
            0.9897,
            0.9903,
            0.99,
            0.9902,
            0.9909
        ],
        "training_time": [
            4.006958499994653,
            4.1879045000023325,
            4.003832800000964,
            4.277661300002364,
            4.542302599998948,
            4.69634240000596,
            5.009289499997976,
            5.492866099993989,
            5.896856899998966,
            7.1939832999996725,
            7.2474182000005385,
            8.122270499996375,
            8.956319099997927,
            12.047770500001207,
            14.016083299997263,
            17.757056500006,
            15.571323400006804,
            12.669680699997116,
            14.568329800000356,
            17.21176910000213,
            17.15151030000561,
            14.944454000004043,
            14.146330700001272,
            14.871856300000218,
            14.734046599995054,
            15.014449700000114,
            15.463218700002471,
            18.642807399999583,
            17.798491600005946,
            15.330261499999324,
            15.159575899997435,
            15.610288899995794,
            15.011127000005217,
            14.700243500003126,
            15.238784000001033,
            15.14057380000304,
            14.983416600000055,
            15.148453200003132,
            14.985058699996443,
            15.166070599996601,
            12.588189599999168,
            12.430768300000636,
            12.444635600004403,
            12.309278500004439,
            12.580014499995741,
            12.3879814000029,
            12.359048799997254,
            12.314533899996604,
            12.497300399998494,
            12.479845100002422
        ]
    },
    "square_hinge": {
        "accuracy": [
            0.9766,
            0.9799,
            0.9823,
            0.9846,
            0.9864,
            0.9873,
            0.9879,
            0.9883,
            0.989,
            0.9891,
            0.9897,
            0.9897,
            0.9904,
            0.9909,
            0.9912,
            0.9912,
            0.9915,
            0.9917,
            0.992,
            0.9921,
            0.993,
            0.9931,
            0.9931,
            0.993,
            0.9933,
            0.9933,
            0.9926,
            0.9922,
            0.9917,
            0.9921,
            0.9921,
            0.9922,
            0.992,
            0.9921,
            0.9921,
            0.9921,
            0.9921,
            0.9921,
            0.9922,
            0.9922,
            0.9921,
            0.992,
            0.992,
            0.9921,
            0.9921,
            0.992,
            0.9921,
            0.9921,
            0.992,
            0.992
        ],
        "training_time": [
            4.7190802000041,
            4.906595699998434,
            4.8059671000009985,
            4.79466390000016,
            5.11153380000178,
            4.986194999997679,
            4.857018900002004,
            4.898363200001768,
            4.780012800001714,
            5.074385100000654,
            5.025814900000114,
            5.168384499993408,
            4.929493499999808,
            4.966291999997338,
            5.122922800001106,
            5.176266599999508,
            5.09207669999887,
            5.153089999999793,
            5.322389699998894,
            5.419624699999986,
            5.296489799999108,
            5.267357299999276,
            5.870839600000181,
            5.4541881999975885,
            5.371144400000048,
            5.593237900000531,
            6.087734000000637,
            6.567067100004351,
            6.619465499999933,
            7.122252600005595,
            7.816211200006364,
            17.809704699997383,
            44.14318020000064,
            40.652109999995446,
            59.436935800003994,
            106.93226679999498,
            83.16231469999911,
            77.93130169999495,
            80.22459320000053,
            106.59723719999602,
            104.87607730000309,
            109.32620029999816,
            100.97241059999942,
            100.10311999999976,
            118.37714430000051,
            110.52365390000341,
            108.53820679999626,
            97.68839879999723,
            98.54468179999822,
            97.46329400000104
        ]
    }
}