{
    "C_values": [
        0.001,
        0.0019573417814876598,
        0.003831186849557289,
        0.007498942093324558,
        0.014677992676220698,
        0.028729848333536655,
        0.05623413251903491,
        0.11006941712522103,
        0.21544346900318845,
        0.4216965034285822,
        0.825404185268019,
        1.6155980984398746,
        3.1622776601683795,
        6.18965818891261,
        12.115276586285901,
        23.71373705661655,
        46.41588833612782,
        90.8517575651688,
        177.82794100389228,
        348.0700588428413,
        681.2920690579622,
        1333.521432163324,
        2610.1572156825387,
        5108.969774506934,
        10000.0
    ],
    "LinearSVC": {
        "accuracy": [
            0.9766,
            0.9823,
            0.9864,
            0.9879,
            0.9888,
            0.9895,
            0.9905,
            0.9913,
            0.9915,
            0.9919,
            0.9931,
            0.9929,
            0.9932,
            0.9925,
            0.9921,
            0.9921,
            0.992,
            0.9921,
            0.992,
            0.992,
            0.9921,
            0.992,
            0.9921,
            0.9922,
            0.992
        ],
        "training_time": [
            5.732888999998977,
            6.0633770000058576,
            5.577669699996477,
            6.204290599998785,
            5.384401799994521,
            5.630577000003541,
            5.433354300002975,
            5.7863378999973065,
            5.7747995000027,
            5.9946363999988534,
            5.831631399996695,
            6.181357900000876,
            6.445925599997281,
            6.842258899996523,
            8.600519400002668,
            13.887877499997558,
            47.72648690000642,
            71.34828779999953,
            71.12095019999833,
            105.44288439999946,
            107.10898629999429,
            94.23955610000121,
            107.48732680000103,
            88.90595300000132,
            105.72179519999918
        ]
    },
    "LogisticRegression": {
        "accuracy": [
            0.9261,
            0.9439,
            0.9578,
            0.9697,
            0.9788,
            0.9836,
            0.9871,
            0.9897,
            0.9902,
            0.9907,
            0.9917,
            0.9919,
            0.9921,
            0.9928,
            0.993,
            0.9928,
            0.9927,
            0.9927,
            0.9927,
            0.9928,
            0.9926,
            0.9926,
            0.9925,
            0.9925,
            0.9925
        ],
        "training_time": [
            1.8563794999936363,
            2.0808680999907665,
            2.2774552999908337,
            2.3399357000016607,
            2.558348599995952,
            1.3521295999962604,
            1.3716043000022182,
            1.500832099991385,
            1.8271750999992946,
            1.5495553000073414,
            1.635378999999375,
            1.6931015999871306,
            1.7855017999972915,
            1.7890790999954334,
            1.804375899999286,
            1.824005299989949,
            1.8811807000020053,
            2.058328500002972,
            2.192680099993595,
            2.1056540999998106,
            2.1144283000030555,
            2.037514399999054,
            2.2739650000003166,
            1.9835163000097964,
            1.8716754999913974
        ]
    }
}